"filename", "language", "Python", "Markdown", "comment", "blank", "total"
"/Users/albertlungu/Documents/GitHub/PyGPT/LICENSE.md", "Markdown", 0, 12, 0, 3, 15
"/Users/albertlungu/Documents/GitHub/PyGPT/improvements.md", "Markdown", 0, 537, 0, 230, 767
"/Users/albertlungu/Documents/GitHub/PyGPT/readme.md", "Markdown", 0, 114, 0, 33, 147
"/Users/albertlungu/Documents/GitHub/PyGPT/src/__init__.py", "Python", 0, 0, 0, 1, 1
"/Users/albertlungu/Documents/GitHub/PyGPT/src/embeddings/__init__.py", "Python", 1, 0, 0, 0, 1
"/Users/albertlungu/Documents/GitHub/PyGPT/src/embeddings/embeddings.py", "Python", 88, 0, 63, 39, 190
"/Users/albertlungu/Documents/GitHub/PyGPT/src/embeddings/positional_encoding.py", "Python", 14, 0, 19, 3, 36
"/Users/albertlungu/Documents/GitHub/PyGPT/src/main.py", "Python", 63, 0, 66, 43, 172
"/Users/albertlungu/Documents/GitHub/PyGPT/src/tokenizer/__init__.py", "Python", 0, 0, 0, 1, 1
"/Users/albertlungu/Documents/GitHub/PyGPT/src/tokenizer/tokenizer_class.py", "Python", 119, 0, 80, 28, 227
"/Users/albertlungu/Documents/GitHub/PyGPT/src/training/__init__.py", "Python", 0, 0, 0, 1, 1
"/Users/albertlungu/Documents/GitHub/PyGPT/src/training/loss_function.py", "Python", 54, 0, 37, 21, 112
"/Users/albertlungu/Documents/GitHub/PyGPT/src/training/train.py", "Python", 116, 0, 5, 38, 159
"/Users/albertlungu/Documents/GitHub/PyGPT/src/transformer/__init__.py", "Python", 0, 0, 0, 1, 1
"/Users/albertlungu/Documents/GitHub/PyGPT/src/transformer/attention_mutli_head_TODO.md", "Markdown", 0, 273, 0, 121, 394
"/Users/albertlungu/Documents/GitHub/PyGPT/src/transformer/feed_forward.py", "Python", 65, 0, 78, 26, 169
"/Users/albertlungu/Documents/GitHub/PyGPT/src/transformer/output_layer.py", "Python", 61, 0, 54, 21, 136
"/Users/albertlungu/Documents/GitHub/PyGPT/src/transformer/single_head_attention.py", "Python", 87, 0, 98, 33, 218
"/Users/albertlungu/Documents/GitHub/PyGPT/src/transformer/transformer_block.py", "Python", 110, 0, 110, 45, 265
"/Users/albertlungu/Documents/GitHub/PyGPT/src/utils/__init__.py", "Python", 0, 0, 0, 1, 1
"/Users/albertlungu/Documents/GitHub/PyGPT/src/utils/config.py", "Python", 9, 0, 0, 2, 11
"/Users/albertlungu/Documents/GitHub/PyGPT/src/utils/config_TODO.md", "Markdown", 0, 476, 0, 149, 625
"/Users/albertlungu/Documents/GitHub/PyGPT/src/utils/data_loader.py", "Python", 8, 0, 0, 0, 8
"/Users/albertlungu/Documents/GitHub/PyGPT/src/utils/data_loader_TODO.md", "Markdown", 0, 553, 0, 219, 772
"/Users/albertlungu/Documents/GitHub/PyGPT/understanding_concepts/gemini_JAX_and_SFT.md", "Markdown", 0, 161, 0, 109, 270
"/Users/albertlungu/Documents/GitHub/PyGPT/understanding_concepts/tokenizer_ex.py", "Python", 229, 0, 17, 14, 260
"/Users/albertlungu/Documents/GitHub/PyGPT/understanding_concepts/understanding_positional_encoding.md", "Markdown", 0, 52, 0, 25, 77
"Total", "-", 1024, 2178, 627, 1207, 5036